id,title,content,status,userId
1,What is Authentication?,In Spring Security, Authentication is an interface that represents the current user's authentication information. It contains the user's identity (principal), credentials, authorities or roles, and authentication status. After successful authentication, Spring Security stores the Authentication object inside the SecurityContext, which allows the application to know who is logged in and what permissions they have. It can be accessed using SecurityContextHolder.getContext().getAuthentication().,ACTIVE,1
2,What is SecurityContext?,In Spring Security, SecurityContext is an object that stores the Authentication object of the currently authenticated user. It allows Spring Security to keep track of who is logged in and their authorities or roles during a request. The SecurityContext can be accessed using SecurityContextHolder.getContext().getAuthentication().,ACTIVE,1
3,What is SecurityContextHolder?,SecurityContextHolder is a Spring Security class used to access the current SecurityContext. Since the SecurityContext contains the Authentication object, we can use SecurityContextHolder to get information about the currently authenticated user. For example, SecurityContextHolder.getContext().getAuthentication() returns the current Authentication object.,ACTIVE,1
4,What is Principal?,In Spring Security, Principal represents the identity of the currently authenticated user. It is stored inside the Authentication object. The principal can contain information such as the username, email, or user details. For example, authentication.getPrincipal() returns the authenticated user's principal.,ACTIVE,1
5,What are Authorities?,In Spring Security, Authorities represent the permissions or roles granted to an authenticated user. They are stored inside the Authentication object and are used to decide what resources or operations the user can access. For example, a user may have authorities such as ROLE_USER or ROLE_ADMIN. They can be accessed using authentication.getAuthorities().,ACTIVE,1
6,What is GrantedAuthority?,GrantedAuthority is an interface in Spring Security that represents a single permission or role granted to a user. Each authority is stored as a GrantedAuthority object inside the Authentication object. For example, ROLE_USER or ROLE_ADMIN can be represented as GrantedAuthority. Spring Security uses these authorities to perform authorization checks.,ACTIVE,1
7,What is UserDetails?,UserDetails is a core interface in Spring Security that represents a user's information. It provides details such as username, password, authorities, and account status (expired, locked, enabled, etc.). Spring Security uses UserDetails during authentication to verify a user's credentials and determine their permissions.,ACTIVE,1
8,What is UserDetailsService?,UserDetailsService is an interface in Spring Security used to load a user's information during authentication. It has a loadUserByUsername() method that retrieves a UserDetails object using a username, email, or other identifier. Spring Security then uses the returned UserDetails to verify the user's credentials and authorities.,ACTIVE,1
9,What is PasswordEncoder?,PasswordEncoder is an interface in Spring Security used to securely encode passwords before storing them in the database. It also verifies a user's entered password against the stored encoded password using matches(). Passwords should not be stored as plain text. A common implementation is BCryptPasswordEncoder, which hashes passwords with a salt and makes password cracking harder.,ACTIVE,1
10,What is AuthenticationManager?,AuthenticationManager is an interface in Spring Security responsible for performing authentication. It receives an Authentication object containing the user's credentials and passes it to the appropriate authentication provider. If authentication succeeds, it returns a fully authenticated Authentication object containing the user's identity and authorities. If authentication fails, it throws an authentication exception.,ACTIVE,1
11,What is AuthenticationProvider?,AuthenticationProvider is an interface in Spring Security that performs the actual authentication process. It receives an Authentication object containing the user's credentials, verifies them, and returns a fully authenticated Authentication object if the credentials are valid. For example, DaoAuthenticationProvider uses UserDetailsService to load the user and PasswordEncoder to verify the password.,ACTIVE,2
12,What is DaoAuthenticationProvider?,DaoAuthenticationProvider is a built-in AuthenticationProvider in Spring Security that authenticates users using a UserDetailsService and PasswordEncoder. It loads the user's details from the database through UserDetailsService, then uses PasswordEncoder to verify the submitted password. If authentication succeeds, it returns an authenticated Authentication object containing the user's identity and authorities.,ACTIVE,2
13,What is AuthenticationManager?,AuthenticationManager is the main interface responsible for authenticating a user in Spring Security. It receives an Authentication object containing the user's credentials and delegates the authentication to a suitable AuthenticationProvider. If authentication succeeds, it returns an authenticated Authentication object; otherwise, it throws an authentication exception.,ACTIVE,2
14,What is UsernamePasswordAuthenticationToken?,UsernamePasswordAuthenticationToken is an implementation of the Authentication interface used for username-password authentication. During login, it can hold the username and password entered by the user. This object is passed to AuthenticationManager, which uses an AuthenticationProvider to verify the credentials. After successful authentication, the returned Authentication object contains the authenticated user's details and authorities.,ACTIVE,2
15,What is SecurityFilterChain?,SecurityFilterChain defines how Spring Security handles incoming HTTP requests. It configures authentication, authorization, CSRF, CORS, session management, login, logout, and security filters. Spring Security checks each request through the configured SecurityFilterChain before allowing it to reach the controller.,ACTIVE,2
16,What is a Security Filter?,A Security Filter is a component in Spring Security that intercepts HTTP requests before they reach the controller. Filters can perform tasks such as checking authentication, validating JWT tokens, handling login, and applying security rules. Spring Security executes these filters as part of the SecurityFilterChain.,ACTIVE,2
17,What is OncePerRequestFilter?,OncePerRequestFilter is a Spring class used to create a custom security filter that runs once for each HTTP request. It is commonly used for JWT authentication, where the filter reads the JWT from the Authorization header, validates it, and creates an Authentication object if the token is valid. The filter then continues the request using filterChain.doFilter(request, response).,ACTIVE,2
18,What is JWT?,JWT (JSON Web Token) is a compact token used to securely represent information between a client and server. In Spring Security, JWT is commonly used for stateless authentication. After successful login, the server generates a JWT and sends it to the client. The client sends the token with subsequent requests, usually in the Authorization header as Bearer <token>. A JWT typically contains a header, payload, and signature. The server validates the signature and token information before considering the request authenticated.,ACTIVE,2
19,What is Stateless Authentication?,Stateless authentication means the server does not store the user's login session. After successful authentication, the server gives the client a token such as a JWT. The client sends this token with every protected request, and the server validates it to identify the user. Because the server does not maintain session state for each user, JWT-based authentication is commonly used for stateless applications.,ACTIVE,2
20,What is Authorization?,Authorization is the process of deciding what an authenticated user is allowed to access or perform. Authentication answers 'Who are you?', while authorization answers 'What are you allowed to do?'. In Spring Security, authorization is commonly controlled using roles and authorities, such as allowing ROLE_ADMIN to access admin endpoints while ROLE_USER can access only user-level resources.,ACTIVE,2
21,What is Infinite Recursion in JSON Serialization?,Infinite recursion occurs when two entities have a bidirectional relationship and Jackson tries to serialize both sides of the relationship. For example, Note contains Labels and Label contains Notes. While converting Note to JSON, Jackson reaches Label, then goes back to Note, and continues indefinitely. This can cause a StackOverflowError or an endlessly nested JSON response. It can be prevented using @JsonIgnore, @JsonManagedReference and @JsonBackReference, @JsonIdentityInfo, or preferably DTOs.,ACTIVE,4
23,Meeting Reminder,Hey guys, let's join the meeting. It's 15:00 now.,ACTIVE,6
24,What is Authorization?,Authorization is the process of checking whether an authenticated user has permission to access a resource or perform an action. Authentication answers 'Who are you?', while authorization answers 'What are you allowed to do?'. In Spring Security, authorization can be performed using roles, authorities, URL rules, or annotations such as @PreAuthorize.,ACTIVE,5
25,What is RabbitMQ?,RabbitMQ is a message broker used to send and receive messages between different applications or services asynchronously. A producer sends a message to RabbitMQ, RabbitMQ routes the message through an exchange to the appropriate queue, and a consumer receives and processes the message. It helps decouple services, handle background tasks, and improve reliability. The main components are Producer, Exchange, Queue, Binding, and Consumer.,ACTIVE,5
26,What is a Message Broker?,A message broker is a system that receives messages from producers and delivers them to consumers. It allows applications or microservices to communicate without directly depending on each other. In RabbitMQ, a producer sends a message to an exchange, the exchange routes it to one or more queues using bindings, and consumers read messages from those queues. This enables asynchronous communication, improves scalability, and prevents one service from having to wait for another service to complete its work.,ACTIVE,5
27,What is Redis?,Redis is an in-memory key-value data store used for caching, session management, fast data access, and message-related operations. Since data is primarily stored in RAM, Redis is much faster than traditional disk-based databases for frequently accessed data. For example, an application can store a user's frequently requested notes in Redis and retrieve them quickly without querying MySQL every time. Redis can also store data with an expiration time (TTL), making it useful for temporary data such as OTPs, cache entries, and session information.,ACTIVE,5
30,What is Redis Cache update thrics?,Redis cache stores frequently accessed data in memory so that applications can retrieve it faster than querying the database every time. When a request arrives, the application first checks Redis. If the data exists, it is returned from the cache (cache hit). If it does not exist, the application fetches the data from the database and stores it in Redis for future requests (cache miss). Redis entries can also have a TTL (Time To Live), after which they are automatically removed.,ACTIVE,5
31,What is Redis Cache update thrics?,Redis cache stores frequently accessed data in memory so that applications can retrieve it faster than querying the database every time. When a request arrives, the application first checks Redis. If the data exists, it is returned from the cache (cache hit). If it does not exist, the application fetches the data from the database and stores it in Redis for future requests (cache miss). Redis entries can also have a TTL (Time To Live), after which they are automatically removed.,ACTIVE,5
32,What is Redis Cache update thrics?,Redis cache stores frequently accessed data in memory so that applications can retrieve it faster than querying the database every time. When a request arrives, the application first checks Redis. If the data exists, it is returned from the cache (cache hit). If it does not exist, the application fetches the data from the database and stores it in Redis for future requests (cache miss). Redis entries can also have a TTL (Time To Live), after which they are automatically removed.,ACTIVE,5
33,What is Redis Cache update thrics?,Redis cache stores frequently accessed data in memory so that applications can retrieve it faster than querying the database every time. When a request arrives, the application first checks Redis. If the data exists, it is returned from the cache (cache hit). If it does not exist, the application fetches the data from the database and stores it in Redis for future requests (cache miss). Redis entries can also have a TTL (Time To Live), after which they are automatically removed.,ACTIVE,5
34,What is Spring Batch?,Spring Batch is used for processing large amounts of data.,ACTIVE,4
35,What is Redis?,Redis is an in-memory data store used for caching.,ACTIVE,4
36,What is RabbitMQ?,RabbitMQ is a message broker used for asynchronous communication.,ACTIVE,4
37,What is Elasticsearch?,Elasticsearch is used for fast searching and indexing of data.,ACTIVE,4
38,What is Spring Security?,Spring Security handles authentication and authorization.,ACTIVE,4
39,What is Spring Batch?,Spring Batch is used for processing large amounts of data.,ACTIVE,4
40,What is Redis?,Redis is an in-memory data store used for caching.,ACTIVE,4
41,What is RabbitMQ?,RabbitMQ is a message broker used for asynchronous communication.,ACTIVE,4
42,What is Elasticsearch?,Elasticsearch is used for fast searching and indexing of data.,ACTIVE,4
43,What is Spring Security?,Spring Security handles authentication and authorization.,ACTIVE,4
